<?xml version="1.0"?>
<package version="2.0" xmlns="http://pear.php.net/dtd/package-2.0" xmlns:tasks="http://pear.php.net/dtd/tasks-1.0" xmlns:xsi="http://www.w3.org/2001/XMLSchema-instance" xsi:schemaLocation="http://pear.php.net/dtd/tasks-1.0
http://pear.php.net/dtd/tasks-1.0.xsd
http://pear.php.net/dtd/package-2.0
http://pear.php.net/dtd/package-2.0.xsd">
 <name>PEAR_ErrorStack</name>
 <channel>pear.php.net</channel>
 <summary>Stack-based error handling/raising</summary>
 <description>Advanced Error Handling
 </description>
 <lead>
  <name>Greg Beaver</name>
  <user>cellog</user>
  <email>cellog@php.net</email>
  <active>yes</active>
 </lead>
 <date>2005-08-20</date>
 <version>
  <release>0.8.0</release>
  <api>0.8.0</api>
 </version>
 <stability>
  <release>beta</release>
  <api>beta</api>
 </stability>
 <license uri="http://www.php.net/license">PHP License</license>
 <notes>
 Initial release separate from PEAR base package
 * fix Bug #5018: Notice due api changes in php5.1/php4.4
 </notes>
 <contents>
  <dir name="/">
   <file name="PEAR/ErrorStack.php" role="php">
    <tasks:replace from="@package_version@" to="version" type="package-info" />
   </file>
  </dir> <!-- / -->
 </contents>
 <dependencies>
  <required>
   <php>
    <min>5.4.0</min>
   </php>
   <pearinstaller>
    <min>1.4.0a12</min>
   </pearinstaller>
  </required>
 </dependencies>
 <phprelease/>
 <changelog>
  <release>
   <version>
    <release>0.8.0</release>
    <api>0.8.0</api>
   </version>
   <stability>
    <release>beta</release>
    <api>beta</api>
   </stability>
   <date>2005-05-11</date>
   <license uri="http://www.php.net/license/3_0.txt">PHP License</license>
   <notes>
   initial release separate from PEAR base package
   </notes>
  </release>
 </changelog>
</package>
